[
  {
    "id": 1,
    "priority": 2,
    "condition": {
      "regexFilter": "(.*)[&]?_rq_delay_=(\\d+)(.*)",
      "resourceTypes": [
        "csp_report",
        "font",
        "image",
        "main_frame",
        "media",
        "object",
        "other",
        "ping",
        "script",
        "stylesheet",
        "sub_frame",
        "webbundle",
        "websocket",
        "webtransport",
        "xmlhttprequest"
      ]
    },
    "action": {
      "type": "redirect",
      "redirect": {
        "regexSubstitution": "https://app.requestly.io/delay/\\2/\\1\\3"
      }
    }
  },
  {
    "id": 2,
    "priority": 3,
    "condition": {
      "regexFilter": ".*[?&]_rq_delayed=true.*",
      "resourceTypes": [
        "csp_report",
        "font",
        "image",
        "main_frame",
        "media",
        "object",
        "other",
        "ping",
        "script",
        "stylesheet",
        "sub_frame",
        "webbundle",
        "websocket",
        "webtransport",
        "xmlhttprequest"
      ]
    },
    "action": {
      "type": "allow"
    }
  }
]
